Workbook

Sheet Sheet1
A3: Concurrencia | B3: Sum of hilos_escritura | C3: Sum of hilos_lectura
A4: 100 | B4: 50 | C4: 50
A5: 200 | B5: 100 | C5: 100
A6: 300 | B6: 150 | C6: 150
A7: 400 | B7: 200 | C7: 200
A8: 500 | B8: 250 | C8: 250
A9: 600 | B9: 300 | C9: 300
A10: 700 | B10: 350 | C10: 350
A11: 800 | B11: 400 | C11: 400
A12: 900 | B12: 450 | C12: 450
A13: 1000 | B13: 500 | C13: 500
A14: Grand Total | B14: 2750 | C14: 2750

Sheet 1k_wr_test.csv
A1: nivel | B1: hilos_total | C1: hilos_lectura | D1: hilos_escritura | E1: lec_requests | F1: lec_exitosos | G1: lec_errores | H1: lec_error_% | I1: lec_avg_paginas | J1: lec_promedio_ms | K1: lec_mediana_ms | L1: lec_p95_ms | M1: lec_min_ms | N1: lec_max_ms | O1: esc_requests | P1: esc_exitosos | Q1: esc_errores | R1: esc_error_% | S1: esc_promedio_ms | T1: esc_mediana_ms | U1: esc_p95_ms | V1: esc_min_ms | W1: esc_max_ms | X1: duracion_total_s
A2: 1 | B2: 100 | C2: 50 | D2: 50 | E2: 400 | F2: 400 | G2: 0 | H2: 0 | I2: 8 | J2: 699.1 | K2: 728 | L2: 1347.6 | M2: 170.4 | N2: 1485.2 | O2: 50 | P2: 50 | Q2: 0 | R2: 0 | S2: 1356.8 | T2: 1375.2 | U2: 1745 | V2: 747.6 | W2: 1806.9 | X2: 6.24
A3: 2 | B3: 200 | C3: 100 | D3: 100 | E3: 800 | F3: 800 | G3: 0 | H3: 0 | I3: 8 | J3: 1413.2 | K3: 1493.2 | L3: 2335 | M3: 173.3 | N3: 2831.2 | O3: 100 | P3: 100 | Q3: 0 | R3: 0 | S3: 2075 | T3: 2187.4 | U3: 2681.6 | V3: 323.3 | W3: 2871.7 | X3: 12.38
A4: 3 | B4: 300 | C4: 150 | D4: 150 | E4: 1200 | F4: 1200 | G4: 0 | H4: 0 | I4: 8 | J4: 1798.6 | K4: 1883.6 | L4: 3877.5 | M4: 174.7 | N4: 4347.2 | O4: 150 | P4: 150 | Q4: 0 | R4: 0 | S4: 2978.4 | T4: 3051.2 | U4: 4248.5 | V4: 752.4 | W4: 4461 | X4: 16.81
A5: 4 | B5: 400 | C5: 200 | D5: 200 | E5: 1600 | F5: 1600 | G5: 0 | H5: 0 | I5: 8 | J5: 2543.8 | K5: 2900.7 | L5: 4882.7 | M5: 171.7 | N5: 5202.1 | O5: 200 | P5: 200 | Q5: 0 | R5: 0 | S5: 3868.8 | T5: 4014.1 | U5: 5205.6 | V5: 274 | W5: 5482.6 | X5: 22.79
A6: 5 | B6: 500 | C6: 250 | D6: 250 | E6: 2000 | F6: 2000 | G6: 0 | H6: 0 | I6: 8 | J6: 3397.7 | K6: 3391.8 | L6: 6539.6 | M6: 175.2 | N6: 7214.1 | O6: 250 | P6: 250 | Q6: 0 | R6: 0 | S6: 5049.1 | T6: 5027.6 | U6: 6737.8 | V6: 2373.6 | W6: 7046 | X6: 29.77
A7: 6 | B7: 600 | C7: 300 | D7: 300 | E7: 2400 | F7: 2400 | G7: 0 | H7: 0 | I7: 8 | J7: 3911.1 | K7: 3733.5 | L7: 7307.8 | M7: 188.7 | N7: 8438.5 | O7: 300 | P7: 300 | Q7: 0 | R7: 0 | S7: 5961.8 | T7: 6003 | U7: 7902.9 | V7: 2470.5 | W7: 8412.3 | X7: 34.19
A8: 7 | B8: 700 | C8: 350 | D8: 350 | E8: 2800 | F8: 2800 | G8: 0 | H8: 0 | I8: 8 | J8: 4540 | K8: 4442.1 | L8: 11920.4 | M8: 178.5 | N8: 13381.5 | O8: 350 | P8: 350 | Q8: 0 | R8: 0 | S8: 7695.5 | T8: 6868.2 | U8: 12587.7 | V8: 2348.8 | W8: 14468.8 | X8: 42.29
A9: 8 | B9: 800 | C9: 400 | D9: 400 | E9: 3023 | F9: 2993 | G9: 30 | H9: 1 | I9: 7.5 | J9: 4886.1 | K9: 4818.5 | L9: 9481.8 | M9: 0 | N9: 11016.5 | O9: 400 | P9: 347 | Q9: 53 | R9: 13.2 | S9: 6609.7 | T9: 7255.7 | U9: 10746.7 | V9: 0 | W9: 11129.7 | X9: 43.11
A10: 9 | B10: 900 | C10: 450 | D10: 450 | E10: 3309 | F10: 3260 | G10: 49 | H10: 1.5 | I10: 7.2 | J10: 5012.6 | K10: 4884.7 | L10: 8775.8 | M10: 0 | N10: 10570.3 | O10: 450 | P10: 316 | Q10: 134 | R10: 29.8 | S10: 5495.7 | T10: 6601 | U10: 10452.2 | V10: 0 | W10: 10881.2 | X10: 45.65
A11: 10 | B11: 1000 | C11: 500 | D11: 500 | E11: 3589 | F11: 3520 | G11: 69 | H11: 1.9 | I11: 7 | J11: 5070.8 | K11: 5191.6 | L11: 9560.5 | M11: 0 | N11: 10132.9 | O11: 500 | P11: 287 | Q11: 213 | R11: 42.6 | S11: 4682.8 | T11: 6882.5 | U11: 9775.1 | V11: 0 | W11: 10057.1 | X11: 47.11

Sheet Degradación
A1: Análisis de Degradación del Sistema – 1.000 Peticiones Concurrentes (500 Lectura / 500 Escritura)
A3: Hilos Concurrentes | B3: Lat. Media Lectura (ms) | C3: Lat. Media Escritura (ms) | D3: P95 Lectura (ms) | E3: P95 Escritura (ms) | F3: Error Lectura (%) | G3: Error Escritura (%) | I3: Hilos Concurrentes | J3: Error Lectura (%) | K3: Error Escritura (%)
A4: ='1k_wr_test.csv'!B2 -> 100 | B4: ='1k_wr_test.csv'!J2 -> 699.1 | C4: ='1k_wr_test.csv'!S2 -> 1356.8 | D4: ='1k_wr_test.csv'!L2 -> 1347.6 | E4: ='1k_wr_test.csv'!U2 -> 1745 | F4: ='1k_wr_test.csv'!H2 -> 0 | G4: ='1k_wr_test.csv'!R2 -> 0 | I4: =A4 -> 100 | J4: =F4 -> 0 | K4: =G4 -> 0
A5: ='1k_wr_test.csv'!B3 -> 200 | B5: ='1k_wr_test.csv'!J3 -> 1413.2 | C5: ='1k_wr_test.csv'!S3 -> 2075 | D5: ='1k_wr_test.csv'!L3 -> 2335 | E5: ='1k_wr_test.csv'!U3 -> 2681.6 | F5: ='1k_wr_test.csv'!H3 -> 0 | G5: ='1k_wr_test.csv'!R3 -> 0 | I5: =A5 -> 200 | J5: =F5 -> 0 | K5: =G5 -> 0
A6: ='1k_wr_test.csv'!B4 -> 300 | B6: ='1k_wr_test.csv'!J4 -> 1798.6 | C6: ='1k_wr_test.csv'!S4 -> 2978.4 | D6: ='1k_wr_test.csv'!L4 -> 3877.5 | E6: ='1k_wr_test.csv'!U4 -> 4248.5 | F6: ='1k_wr_test.csv'!H4 -> 0 | G6: ='1k_wr_test.csv'!R4 -> 0 | I6: =A6 -> 300 | J6: =F6 -> 0 | K6: =G6 -> 0
A7: ='1k_wr_test.csv'!B5 -> 400 | B7: ='1k_wr_test.csv'!J5 -> 2543.8 | C7: ='1k_wr_test.csv'!S5 -> 3868.8 | D7: ='1k_wr_test.csv'!L5 -> 4882.7 | E7: ='1k_wr_test.csv'!U5 -> 5205.6 | F7: ='1k_wr_test.csv'!H5 -> 0 | G7: ='1k_wr_test.csv'!R5 -> 0 | I7: =A7 -> 400 | J7: =F7 -> 0 | K7: =G7 -> 0
A8: ='1k_wr_test.csv'!B6 -> 500 | B8: ='1k_wr_test.csv'!J6 -> 3397.7 | C8: ='1k_wr_test.csv'!S6 -> 5049.1 | D8: ='1k_wr_test.csv'!L6 -> 6539.6 | E8: ='1k_wr_test.csv'!U6 -> 6737.8 | F8: ='1k_wr_test.csv'!H6 -> 0 | G8: ='1k_wr_test.csv'!R6 -> 0 | I8: =A8 -> 500 | J8: =F8 -> 0 | K8: =G8 -> 0
A9: ='1k_wr_test.csv'!B7 -> 600 | B9: ='1k_wr_test.csv'!J7 -> 3911.1 | C9: ='1k_wr_test.csv'!S7 -> 5961.8 | D9: ='1k_wr_test.csv'!L7 -> 7307.8 | E9: ='1k_wr_test.csv'!U7 -> 7902.9 | F9: ='1k_wr_test.csv'!H7 -> 0 | G9: ='1k_wr_test.csv'!R7 -> 0 | I9: =A9 -> 600 | J9: =F9 -> 0 | K9: =G9 -> 0
A10: ='1k_wr_test.csv'!B8 -> 700 | B10: ='1k_wr_test.csv'!J8 -> 4540 | C10: ='1k_wr_test.csv'!S8 -> 7695.5 | D10: ='1k_wr_test.csv'!L8 -> 11920.4 | E10: ='1k_wr_test.csv'!U8 -> 12587.7 | F10: ='1k_wr_test.csv'!H8 -> 0 | G10: ='1k_wr_test.csv'!R8 -> 0 | I10: =A10 -> 700 | J10: =F10 -> 0 | K10: =G10 -> 0
A11: ='1k_wr_test.csv'!B9 -> 800 | B11: ='1k_wr_test.csv'!J9 -> 4886.1 | C11: ='1k_wr_test.csv'!S9 -> 6609.7 | D11: ='1k_wr_test.csv'!L9 -> 9481.8 | E11: ='1k_wr_test.csv'!U9 -> 10746.7 | F11: ='1k_wr_test.csv'!H9 -> 1 | G11: ='1k_wr_test.csv'!R9 -> 13.2 | I11: =A11 -> 800 | J11: =F11 -> 1 | K11: =G11 -> 13.2
A12: ='1k_wr_test.csv'!B10 -> 900 | B12: ='1k_wr_test.csv'!J10 -> 5012.6 | C12: ='1k_wr_test.csv'!S10 -> 5495.7 | D12: ='1k_wr_test.csv'!L10 -> 8775.8 | E12: ='1k_wr_test.csv'!U10 -> 10452.2 | F12: ='1k_wr_test.csv'!H10 -> 1.5 | G12: ='1k_wr_test.csv'!R10 -> 29.8 | I12: =A12 -> 900 | J12: =F12 -> 1.5 | K12: =G12 -> 29.8
A13: ='1k_wr_test.csv'!B11 -> 1000 | B13: ='1k_wr_test.csv'!J11 -> 5070.8 | C13: ='1k_wr_test.csv'!S11 -> 4682.8 | D13: ='1k_wr_test.csv'!L11 -> 9560.5 | E13: ='1k_wr_test.csv'!U11 -> 9775.1 | F13: ='1k_wr_test.csv'!H11 -> 1.9 | G13: ='1k_wr_test.csv'!R11 -> 42.6 | I13: =A13 -> 1000 | J13: =F13 -> 1.9 | K13: =G13 -> 42.6
A14: ⚠ Sistema bajo degradación severa a partir de 800 hilos – error escritura supera 13%
